<?xml version="1.0" encoding="utf-8" ?>
<package xmlns="http://css-javascript-toolbox/xml/namespaces/cjt/6/package">
	<name>Black And White Effect</name>
	<description>This plug-in can easily convert any colored image into a B&amp;W greyscale image. It uses the the HTML5 canvas tag and a fallback for the old browsers</description>
	<author>CJT</author>
	<webSite>http://css-javascript-toolbox.com/extensions/image-black-white-effect/</webSite>
	<license />
	<readme />
	<objects>
		<object type="template">
			<name>Black And White Effect jQuery Plugin</name>
			<description>This plug-in can easily convert any colored image into a B&amp;W greyscale image. It uses the the HTML5 canvas tag and a fallback for the old browsers</description>
			<code locate="file">templates/jquery.blackandwhiteeffect.min.js</code>
		</object>
		<object type="block">
			<name>Black And White Effect</name>
			<code locate="file">blocks/black-and-white-effect.js</code>
			<state>active</state>
			<links>
				<link name="jquery" />
				<link name="Black And White Effect jQuery Plugin" />
			</links>
			<params>
				<form>
					<name>Black and White Effect Shortcode Parameters</name>
					<groupType>tab</groupType>
					<groups>
						<group>
							<name>Settings</name>
							<description>Group 1 Description</description>
						</group>
						<group>
							<name>Images</name>
							<description>Images list to apply the effect to</description>
						</group>
					</groups>
				</form>
				<list>
					<param>
						<name>hoverEffect</name>
						<type>boolean</type>
						<defaultValue>1</defaultValue>
						<group name="Settings">
							<renderer>dropdown</renderer>
							<description>hoverEffect DESC 1</description>
							<helpText>Select Yes/No to enable/disable hovereffect</helpText>
							<definition>
								<type>
									<text>Yes</text>
									<value>1</value>
								</type>
								<type>
									<text>No</text>
									<value>0</value>
								</type>
							</definition>
						</group>
					</param>
					<param>
						<name>webworkerPath</name>
						<type>boolean</type>
						<defaultValue>0</defaultValue>
						<group name="Settings">
							<renderer>dropdown</renderer>
							<description>webworkerPath DESC 2</description>
							<helpText>Select Yes/No to enable/disable webworkerPath</helpText>
							<definition>
								<type>
									<text>Yes</text>
									<value>1</value>
								</type>
								<type>
									<text>No</text>
									<value>0</value>
								</type>
							</definition>
						</group>
					</param>
					<param>
						<name>responsive</name>
						<type>boolean</type>
						<defaultValue>1</defaultValue>
						<group name="Settings">
							<renderer>dropdown</renderer>
							<description>responsive DESC 3</description>
							<helpText>Select Yes/No to enable/disable responsive</helpText>
							<definition>
								<type>
									<text>Yes</text>
									<value>1</value>
								</type>
								<type>
									<text>No</text>
									<value>0</value>
								</type>
							</definition>
						</group>
					</param>
					<param>
						<name>invertHoverEffect</name>
						<type>boolean</type>
						<defaultValue>0</defaultValue>
						<group name="Settings">
							<helpText>Select Yes/No to enable or disable invertHoverEffect</helpText>
							<renderer>dropdown</renderer>
							<description>invertHoverEffect DESC 4</description>
							<definition>
								<type>
									<text>Yes</text>
									<value>1</value>
								</type>
								<type>
									<text>No</text>
									<value>0</value>
								</type>
							</definition>
						</group>
					</param>
					<param>
						<name>speed</name>
						<type>structure</type>
						<group name="Settings">
							<renderer>structure</renderer>
							<description>speed DESC 5</description>
						</group>
						<params>
							<param>
								<name>fadeIn</name>
								<type>number</type>
								<defaultValue>200</defaultValue>
								<group name="Settings">
									<helpText>Speed for fadeIn Effect</helpText>
									<renderer>input</renderer>
									<description>speed.fadeIn DESC 6</description>
								</group>
							</param>
							<param>
								<name>fadeOut</name>
								<type>number</type>
								<defaultValue>800</defaultValue>
								<group name="Settings">
									<helpText>Speed for fadeOut Effect</helpText>
									<renderer>input</renderer>
									<description>speed.fadeOut DESC 7</description>
								</group>
							</param>
						</params>
					</param>
					<param>
						<name>ImagesList</name>
						<type>raw</type>
						<contentParam>1</contentParam>
						<group name="Images">
							<renderer>imageslist</renderer>
							<description>Images to apply the effects to</description>
							<helpText>Help TEXT</helpText>
						</group>
					</param>
				</list>
			</params>
		</object>
	</objects>
</package>
